stabbr,year,weighted_in_state,weighted_out_of_state,inst_count,total_in_state_enr,total_out_state_enr
AK,2012,5089.845402766477,16755,5,2458,222
AL,2012,4945.119912881145,18267.225338491295,40,32140,6204
AR,2012,4204.665527215357,12959.192038333947,35,15212,2713
AS,2012,2660,NA,1,289,0
AZ,2012,7551.869916414975,18857.212075158885,24,14237,7238
CA,2012,3899.4940575338765,13169.435054184227,146,177704,13288
CO,2012,5050.025454390669,20392.890576988735,28,23493,5858
CT,2012,4596.492757547042,21464.586456278765,23,14774,1521
DC,2012,6380,13380,1,204,99
DE,2012,5432.400778210117,22841.372443848475,5,4112,2983
FL,2012,2945.5441911266225,13171.054164770141,50,79654,4394
FM,2012,3780,NA,1,572,0
GA,2012,3269.2334204535873,16116.637599763524,62,59305,3383
GU,2012,4560,4320,2,434,10
HI,2012,4058.92969227634,16868.318054256313,10,4907,1069
IA,2012,4692.8343649418175,16162.767009624959,19,20195,6026
ID,2012,3840.0784244144784,13992.23593220339,8,5636,1475
IL,2012,8550.425970641218,20006.985216072782,60,26091,2638
IN,2012,5831.011238409632,25180.792735359526,31,41198,6745
KS,2012,4412.689698971168,11343.05105105105,32,15746,3663
KY,2012,5835.794488711819,17035.407159904535,24,24096,4190
LA,2012,3355.3293044799884,6626.495019157088,34,27634,2610
MA,2012,1129.695530726257,9208.269406392694,29,25060,2847
MD,2012,5854.804426559356,15774.288431061806,29,12425,4417
ME,2012,5553.78606543482,18648.042857142857,15,5899,840
MH,2012,4280,NA,1,230,0
MI,2012,9016.917125403572,29073.469919786097,47,43053,5984
MN,2012,6598.910641493242,11860.015237020316,43,27966,5316
MO,2012,5533.6236376318775,15294.842850510679,33,22938,4308
MP,2012,2280,4560,1,256,2
MS,2012,3769.7527784254294,11257.087276067983,24,12867,4354
MT,2012,4286.273811891032,17574.57986326911,17,5029,1609
NC,2012,2910.6938589178676,15079.1012392755,75,50382,5245
ND,2012,4501.699022179823,14535.044975804156,14,4193,3513
NE,2012,4210.622189167906,13473.40514905149,15,11429,1476
NH,2012,9004.120889938964,21103.43515151515,12,5079,2475
NJ,2012,7977.345195384466,14907.546070460705,33,20626,1476
NM,2012,3816.3342734354014,11243.265072247135,28,7446,2007
NV,2012,4250.703359365316,16496.251706484643,7,8067,1172
NY,2012,4716.749820383081,10857.335805674022,80,65417,5393
OH,2012,6800.148520633273,18662.741807651273,63,61648,6561
OK,2012,3045.305788307811,12226.926986399427,28,20766,4191
OR,2012,5319.780992080034,21013.795109211776,26,11995,4212
PA,2012,9495.609791183295,20431.293255131965,58,43100,10571
PR,2012,1734.5476289086766,3824,19,9658,2
PW,2012,2640,3000,1,96,3
RI,2012,6204.456091954023,24312.92116788321,3,4350,1370
SC,2012,7909.871683673469,16675.63159886471,33,15680,5285
SD,2012,3189.540505226481,5169.851190476191,12,4592,1680
TN,2012,4579.446425366437,19025.595526561043,22,33430,2146
TX,2012,4498.44427204853,10771.757111224664,107,85720,5871
UT,2012,3898.710522867252,14579.386084583903,9,15262,2932
VA,2012,6332.220003182686,20919.942255870654,41,25136,7793
VI,2012,3990,11970,1,404,23
VT,2012,9656.2370039128,29703.94887089902,6,1789,2347
WA,2012,7337.375456450165,21593.309604904633,44,16705,2936
WI,2012,6242.322515839901,18017.46564636926,31,25884,6142
WV,2012,3982.331853998732,14569.79128814349,26,11041,4293
WY,2012,2059.36335078534,7242.818181818182,8,1910,1232
AK,2013,5449.946280991736,17925,5,2420,250
AL,2013,5295.8934209678455,20121.81293624942,40,31038,6447
AR,2013,4355.232388924662,14097.270878949015,35,15530,3197
AS,2013,3150,3450,1,430,18
AZ,2013,8040.134417867236,19419.9100363363,24,14507,7981
CA,2013,4306.591390628799,16169.417230769232,145,172742,14625
CO,2013,5305.8881330309905,22616.023914823916,29,22491,6105
CT,2013,4869.7651146629605,23346.973684210527,22,14390,1368
DC,2013,6624,13920,1,292,35
DE,2013,5786.416567483932,24386.840579710144,5,4201,3519
FL,2013,3129.187321588008,13684.978789323164,46,79521,4196
FM,2013,3780,NA,1,562,0
GA,2013,3772.1084829167366,17228.514053897423,62,53649,3451
GU,2013,4560,9864,2,449,10
HI,2013,4419.863808322824,17904.582827406764,10,4758,1153
IA,2013,4943.3521781429035,16850.288822323822,19,18502,6343
ID,2013,4087.157931516422,14164.320456540825,8,5724,1139
IL,2013,9052.944420906675,21931.987446197993,60,25963,2788
IN,2013,6267.511336790942,26616.951110527007,18,36827,7609
KS,2013,4620.297102809586,12242.20289079229,32,15981,3736
KY,2013,6226.8053433448295,17786.431647713525,24,22907,4133
LA,2013,3643.020145044319,7701.135634028892,34,27302,2492
MA,2013,1122.249464579901,9255.96674584323,29,24280,2947
MD,2013,6060.339998347517,16999.80023364486,29,12103,4280
ME,2013,5583.176245210728,19568.53629976581,15,5742,854
MH,2013,4280,NA,1,361,0
MI,2013,9357.82332289591,30213.41363916256,47,42156,6496
MN,2013,6922.784149710151,13206.291470532857,43,25703,5311
MO,2013,5757.507398807084,16493.831569664904,29,21963,4536
MP,2013,2280,4560,1,272,3
MS,2013,4017.168058930741,12696.132059971247,24,13168,4869
MT,2013,4364.611446409989,18335.119899560577,17,4805,1593
NC,2013,3189.1023112355674,16046.02968388589,75,49281,5188
ND,2013,4600.1990437846,14144.878603544035,14,3974,3781
NE,2013,4370.982946554149,13400.592568015925,15,11376,1507
NH,2013,9998.394798550416,21888.855417138544,12,4691,2649
NJ,2013,8240.986564666508,17115.48973607038,33,20915,1364
NM,2013,3929.3802620574297,11759.509099852436,28,7174,2033
NV,2013,4679.676351896691,17147.66529266282,7,7434,1213
NY,2013,5015.876251280839,11971.597153989496,80,63435,5903
OH,2013,7256.358791564013,19248.458939149165,63,57231,7428
OK,2013,3219.79689276241,13037.21272613849,28,21112,4809
OR,2013,5714.775833976503,21738.218629343628,26,11661,4144
PA,2013,9718.764456547478,21213.99044048735,59,42230,10670
PR,2013,1656.4219799581545,3858,19,9081,3
PW,2013,2640,NA,1,105,0
RI,2013,6611.8414906832295,25349.536697247706,3,4025,1744
SC,2013,8065.892390085938,16136.553452115813,33,16058,5388
SD,2013,3526.1045767133032,5824.630289532294,12,4217,1796
TN,2013,4911.0447566357925,20195.650253106305,22,32174,2173
TX,2013,4770.933201768053,11266.764557758892,107,86649,6354
UT,2013,4255.429011682076,15288.621472814866,8,13953,2906
VA,2013,6613.656010771302,22103.75640208944,41,25995,7849
VI,2013,3990,11970,1,381,19
VT,2013,10252.705061082024,30443.766738660906,6,1719,2315
WA,2013,8539.575800711744,23810.083002907744,44,16860,3783
WI,2013,6660.883232580337,18480.161207450226,31,25144,6228
WV,2013,3989.5294667040253,14571.533317296127,26,10707,4157
WY,2013,2150.9124931205283,7612.305882352941,8,1817,1360
AK,2014,5187.422643211547,17304,5,2217,220
AL,2014,5583.450776177449,20758.531182485956,40,30341,6943
AR,2014,4464.901268512154,14535.45081967213,35,16003,3416
AS,2014,3300,3600,1,59,8
AZ,2014,8222.3760912903,20081.11909701037,28,14547,8195
CA,2014,4356.050333941901,18251.24484310539,145,173084,15998
CO,2014,5796.5222217083665,23093.48717105263,29,21623,6080
CT,2014,5176.649284757945,24085.50082372323,22,14191,1214
DC,2014,6635,13915,1,136,68
DE,2014,6474.79298587433,25181.330249768733,5,4106,3243
FL,2014,3219.612731769303,14335.598345825794,45,73187,3869
FM,2014,4230,NA,1,500,0
GA,2014,3997.5942593699965,19264.647575919018,58,51841,3754
GU,2014,4560,10480,2,478,15
HI,2014,4606.063799135624,18553.645933014355,10,4859,1254
IA,2014,5083.610303830911,16892.70782800441,19,17411,6349
ID,2014,4339.654133931912,15126.628361858191,8,5346,1227
IL,2014,9510.892765991386,21947.535653937142,60,25076,2959
IN,2014,6517.596828310057,27009.53311214333,17,34871,7535
KS,2014,4838.814977443609,13498.939170272333,33,16625,3929
KY,2014,6400.364644654893,18940.64722281793,24,23442,4663
LA,2014,4141.801189776733,9005.867839422643,33,27232,2217
MA,2014,1153.4091674383365,9450.414023960535,29,23758,2838
MD,2014,6209.836787775339,17263.550111358574,29,12303,4041
ME,2014,5761.318198329095,20680.251762336353,15,5506,993
MH,2014,4280,NA,1,320,0
MI,2014,9787.16856697364,31069.50941011236,47,41046,7120
MN,2014,7054.144626381847,15562.269735150425,43,24062,3889
MO,2014,5943.320209854015,17446.621300583854,29,21920,4967
MP,2014,2280,4560,1,285,3
MS,2014,4409.702988228192,14279.838620689656,24,13252,4350
MT,2014,4303.909363616885,18581.011699931176,17,4667,1453
NC,2014,3328.0434817138544,16556.382004310344,75,50366,5568
ND,2014,4651.723966118585,15192.513720316623,14,4014,3790
NE,2014,4342.3513391649385,13862.092279855247,15,11089,1658
NH,2014,9775.235565819861,22731.85888501742,12,4330,2870
NJ,2014,8457.185331815708,17399.300445103858,32,20207,1348
NM,2014,3885.829140958709,11935.432012042147,28,8428,1993
NV,2014,4710.601659751037,18001.995894909687,7,7712,1218
NY,2014,5181.230186566065,13359.697348160822,81,67858,5845
OH,2014,7357.643753329537,19930.60710620831,63,54437,7796
OK,2014,3388.735499650594,13839.222740170248,29,20034,4934
OR,2014,5848.475269364554,22863.059512652297,26,11787,4268
PA,2014,10081.38793124707,21752.074067022088,58,40551,10504
PR,2014,1691.5694554848967,3890.8275862068967,19,10064,58
PW,2014,2640,NA,1,185,0
RI,2014,6696.81626724764,25426.25222024867,3,4131,1689
SC,2014,8415.846083788707,17726.777476009414,33,16470,5523
SD,2014,3625.2870967741937,6293.292731829574,12,4340,1995
TN,2014,5252.326914168487,20895.62745098039,22,30222,2142
TX,2014,4863.271121822962,11563.775230818212,106,91280,6282
UT,2014,4490.148076923077,16473.44340535311,8,13520,3101
VA,2014,7115.541354241997,23396.57716467545,40,26273,8119
VI,2014,4190,12570,1,337,14
VT,2014,10490.544061302682,31720.1797752809,6,1566,2314
WA,2014,8584.258294930876,25498.84849322643,44,17360,3617
WI,2014,6649.15657401057,18656.562036508843,31,24787,7012
WV,2014,4817.665841584158,16539.10597572362,25,10504,4284
WY,2014,2220.206781545303,8108.125786163522,8,1799,1431
AK,2015,5353.185185185185,17808,4,2187,184
AL,2015,5675.949745943288,21685.625156532627,40,30505,7187
AR,2015,4677.927152746329,15788.632063882063,35,15457,3256
AS,2015,3300,3600,1,254,10
AZ,2015,8067.3415488026885,20826.5710641012,28,14282,9407
CA,2015,4152.457125740321,18442.336346649157,145,190289,19801
CO,2015,6222.615470852018,23970.603886168912,29,20516,6536
CT,2015,5485.6594693762345,25568.16242937853,22,14172,1416
DC,2015,4631,10613,1,171,70
DE,2015,6577.9152747518765,26083.418728468525,5,4131,3193
FL,2015,3207.3154425994344,14794.455586663273,47,73893,3929
FM,2015,4230,NA,1,342,0
GA,2015,4212.711094694687,19185.19897269532,56,51439,3699
GU,2015,4560,9068.57142857143,2,478,14
HI,2015,4995.340416489587,20068.8,10,4706,1420
IA,2015,5241.779992837532,17459.318686262748,19,16754,6668
ID,2015,4669.1034994697775,16044.026109660574,8,4715,1532
IL,2015,9949.566950872919,23628.92407008915,60,24630,3253
IN,2015,6804.525239451204,27191.99285087169,17,34767,7973
KS,2015,5104.863900314542,14482.445432692308,33,16532,4160
KY,2015,6885.925161173977,19602.31375218829,24,22181,5141
LA,2015,4637.442666666667,10863.379924953095,32,27750,2132
MA,2015,1163.629415194935,9897.897966464503,29,24008,2803
MD,2015,6414.734527555878,18119.127544763305,29,12393,4077
ME,2015,5589.103487276155,20855.28371278459,15,5305,1142
MH,2015,4280,NA,1,237,0
MI,2015,10213.223936488916,32062.528401953943,47,40056,7165
MN,2015,7157.774250813643,15761.740375360923,43,23659,4156
MO,2015,5939.560926438183,17757.56896892935,29,21329,5053
MP,2015,2280,NA,1,221,0
MS,2015,4514.09472718289,15514.368782161235,23,14167,4664
MT,2015,4331.454645048203,19368.44689119171,17,4564,1544
NC,2015,3318.0856114254066,18407.114912457237,76,50554,4969
ND,2015,4802.851262626263,15817.25747460087,14,3960,3445
NE,2015,4471.7148138130015,14700.537623762377,15,11091,2020
NH,2015,9560.423368022706,22937.658536585364,12,4228,2870
NJ,2015,8649.453164916265,16791.613693998308,32,21138,1183
NM,2015,3986.2184093161545,11469.165659617322,28,8072,1986
NV,2015,4874.780339655386,18303.71410891089,7,8067,1616
NY,2015,5296.825017983763,14542.509621993127,81,77848,5820
OH,2015,7581.879788139601,20774.49381790933,63,52865,8007
OK,2015,3572.3547234307025,13981.299717057396,30,19308,4948
OR,2015,6099.942997456809,23380.522599505286,26,11403,4447
PA,2015,10568.504017100317,22761.84432522431,58,40701,10811
PR,2015,1716.1756152125279,3892,19,9834,50
PW,2015,2640,NA,1,180,0
RI,2015,6878.187803561792,25236.54125412541,3,3706,1818
SC,2015,8785.672508549096,18336.88390918065,33,16376,5065
SD,2015,3533.0316189713826,6317.543284978942,12,4997,2137
TN,2015,5569.240733502704,21692.13251783894,22,30702,1962
TX,2015,5096.716994404476,11651.589414343876,106,93825,6386
UT,2015,4800.90784737221,17482.529883138563,8,12501,2995
VA,2015,7489.384037168543,24390.753984925243,40,26474,8093
VI,2015,4190,12570,1,278,23
VT,2015,10990.76772616137,33204.714346895074,6,1636,2335
WA,2015,8562.328709968426,26146.240141419636,44,17736,3677
WI,2015,6746.36454307443,18391.473046018993,31,24063,6845
WV,2015,5190.535938727416,17312.13159968479,23,10184,3807
WY,2015,2349.755610972569,8681.64907275321,8,1604,1402
AK,2016,5634.3443645083935,18704,4,2085,213
AL,2016,5954.306850412093,22853.121285334622,40,29969,8278
AR,2016,4954.7261833433195,16359.685666851134,35,15021,3614
AS,2016,3300,3600,1,271,51
AZ,2016,8295.80978872773,22317.033290142528,29,15099,10033
CA,2016,4156.632312820513,19282.601722184456,145,195000,22065
CO,2016,6563.226970227671,25006.4821802935,29,19985,6678
CT,2016,5825.24818813785,28688.202614379086,22,13522,1530
DC,2016,4631,10613,1,125,72
DE,2016,6777.682548179871,27409.669781931465,3,3736,3531
FL,2016,3086.2164181949897,14561.361660845945,47,78681,5154
FM,2016,4465,NA,1,418,0
GA,2016,4428.645752205356,20972.219188376752,54,50332,3992
GU,2016,4800,9720,2,437,8
HI,2016,5179.934837092732,21999.15906976744,10,4788,1075
IA,2016,5339.281777071621,17814.50462962963,19,16364,6480
ID,2016,4897.333695180199,17454.334028139656,8,4606,1919
IL,2016,10049.585487158582,23461.98326715825,60,24530,3526
IN,2016,7007.264876850243,27817.04289021567,16,33374,8207
KS,2016,5353.226361561709,15142.635435992579,33,16213,4312
KY,2016,7066.707199140401,21111.131161594512,24,22336,4666
LA,2016,5007.769430561568,11693.393236714976,32,25411,2070
MA,2016,2616.729363889484,16930.230124223603,29,23345,3220
MD,2016,6715.411891725148,18479.86606243706,29,12967,3972
ME,2016,5694.072,21943.12958435208,15,5000,1227
MH,2016,3500,NA,1,326,0
MI,2016,10659.193520907975,34261.42163925513,47,39913,7357
MN,2016,7320.421295279913,17195.29659643436,43,22775,3702
MO,2016,6046.467297801648,18012.418061430937,29,21971,5437
MP,2016,2280,NA,1,238,0
MS,2016,4644.530944625407,16386.70528865563,23,13508,4954
MT,2016,4366.664184008762,19999.39896073903,17,4565,1732
NC,2016,3506.386949388382,19234.168458080905,76,48151,5117
ND,2016,4967.318512936448,16217.45823244552,14,3981,3304
NE,2016,4672.126139132004,15083.889818002952,15,11083,2033
NH,2016,9855.168880455409,23973.39116202946,12,4216,3055
NJ,2016,9110.226071892594,18286.95733788396,32,20781,1172
NM,2016,4063.595009596929,12830.536878216124,28,7294,1749
NV,2016,4953.135169837749,18976.00051203277,7,8567,1953
NY,2016,5558.109100375902,15283.679362549801,81,78744,6275
OH,2016,7704.274383478989,21563.69108474991,63,51377,8177
OK,2016,3693.813698062377,14548.967760730238,30,19302,5149
OR,2016,6493.122065297139,24859.316237402014,26,10904,4465
PA,2016,10709.768035247409,23617.27193932828,58,41308,11076
PR,2016,1731.0015340364334,3892,19,10430,16
PW,2016,2640,NA,1,113,0
RI,2016,7278.850825785828,26036.433194154488,3,3754,1916
SC,2016,9059.491762111838,19421.4825136612,33,16327,5490
SD,2016,3725.584561403509,6638.398260028999,12,4275,2069
TN,2016,5826.643096449971,22555.72301991663,23,31042,2159
TX,2016,5271.84730807679,12068.587395081726,105,98034,6791
UT,2016,4956.568549949624,17491.30787037037,8,12903,3456
VA,2016,8099.18970210192,25877.208177960652,40,26452,7777
VI,2016,4410,13230,1,338,17
VT,2016,11418.944751381216,34335.276773296246,6,1448,2157
WA,2016,8103.185079067717,26643.170451579223,44,18149,3831
WI,2016,6789.146815937341,19675.301702808905,31,23492,6871
WV,2016,5589.925808161102,18242.633100955332,24,9435,3873
WY,2016,2422.9859154929577,8992.670321064996,8,1704,1277
AK,2017,5922.348660939869,19628,4,1979,213
AL,2017,6240.3851501856225,23518.164659078353,40,29630,9049
AR,2017,5172.298744712785,17413.875558867363,35,14658,4026
AS,2017,3300,3600,1,242,22
AZ,2017,8645.676653514345,23412.471590909092,29,14953,10912
CA,2017,4134.143354528496,20198.182128628345,146,196743,22841
CO,2017,7011.2474707789015,25670.930635050423,29,20362,7338
CT,2017,6236.509490810485,29330.587918015102,22,13276,1854
DC,2017,4752,10896,1,152,68
DE,2017,7240.4368,28362.698654183732,3,3750,3418
FL,2017,3120.0611713435374,14925.8187654321,46,75264,6075
FM,2017,4050,NA,1,496,0
GA,2017,4433.957282193481,21057.23051948052,54,51571,4312
GU,2017,5040,12096,2,485,5
HI,2017,5521.239735099338,24805.70197486535,10,4530,1114
IA,2017,5752.985719677907,18724.412096657503,19,15896,6911
ID,2017,5026.239415102576,18100.27303754266,8,4582,1758
IL,2017,10373.743387547232,24152.807927717866,60,24348,3431
IN,2017,7203.645393313218,28208.993174470124,16,32811,8351
KS,2017,5576.088795997213,16158.678374655647,33,15789,4356
KY,2017,7503.8944009414745,22348.760616153206,24,22093,4804
LA,2017,5231.75729247206,12295.76838397182,32,28454,2271
MA,2017,5286.716174217553,23360.840148698884,30,22845,2959
MD,2017,6807.365252651279,19077.899163921968,29,12824,3947
ME,2017,5689.36501676198,21371.800165152767,15,5071,1211
MH,2017,3500,NA,1,273,0
MI,2017,11262.396821386159,34873.523109540634,47,39577,7075
MN,2017,7359.975111706881,17797.43298725814,43,22380,4238
MO,2017,6121.377936909108,18226.12485681558,29,21366,5238
MP,2017,3078,4560,1,227,5
MS,2017,4910.207511003834,18082.719481524473,23,14086,5169
MT,2017,4385.651752767528,20565.392427884617,17,4336,1664
NC,2017,3667.9526083223386,19861.666666666668,75,47751,4911
ND,2017,5051.826300294406,16652.632861871803,14,4076,3323
NE,2017,4884.382380418535,15646.849288168876,15,10704,2037
NH,2017,10158.891838741396,24610.58860168172,12,4068,3211
NJ,2017,9322.517923925932,18911.073414112616,32,21926,1403
NM,2017,4512.267024848892,13377.301391862955,28,7445,1868
NV,2017,5230.813833370761,19595.677284595302,7,8906,1915
NY,2017,5632.638327017616,16017.031876437726,81,78112,6086
OH,2017,7817.957884076965,22061.066588235295,62,50361,8500
OK,2017,4018.6747322691454,15398.902282588191,30,19796,5301
OR,2017,6527.861132594311,25768.12276834913,26,11637,4537
PA,2017,11137.798786016523,24194.060509835053,58,39704,11337
PR,2017,1810.1750570075426,3900,19,11402,28
PW,2017,2640,NA,1,145,0
RI,2017,7216.6034390112845,26775.2409221902,3,3722,1735
SC,2017,9179.695685509165,21037.934491746306,33,14347,5755
SD,2017,5389.579831932773,10458.432484382509,12,4284,2081
TN,2017,5605.86678537644,22701.720698254365,23,35942,2406
TX,2017,5607.829014366718,13579.105031267765,105,96821,7036
UT,2017,5137.3972343113855,18123.67139796465,8,14246,3734
VA,2017,8487.686660567246,26911.052276559865,40,27325,8302
VI,2017,4630,13892,1,344,18
VT,2017,11722.83201153569,35663.199306759096,6,1387,2308
WA,2017,7322.459327086883,27212.859562607206,44,18784,4664
WI,2017,6835.027769367187,20731.42748091603,31,23119,7336
WV,2017,5746.358382107023,19060.71101535147,24,9568,3713
WY,2017,2514.9078498293516,9481.762909090909,8,1758,1375
AK,2018,5852.366006256517,19436.408163265307,4,1918,196
AL,2018,6416.535805012015,24095.952056881666,40,29130,9845
AR,2018,5318.695392191347,17765.47687250528,35,14215,4259
AS,2018,3300,3600,1,272,20
AZ,2018,8983.160079814625,23644.786363636365,29,15536,9680
CA,2018,4482.136626570544,21813.685984624484,147,197941,21983
CO,2018,7242.129272339417,26219.73997555012,29,21095,8180
CT,2018,6726.592112371691,29655.051816557476,22,12957,1679
DC,2018,4896,11232,1,144,96
DE,2018,7193.14736052039,28660.97298884322,3,3997,3406
FL,2018,3119.6115567261263,14645.271122112212,46,75177,6060
FM,2018,4050,NA,1,600,0
GA,2018,4596.040351083883,20563.324675324675,53,50928,4774
GU,2018,5040,8763.42857142857,2,416,7
HI,2018,5791.04940970704,25197.08936170213,10,4574,940
IA,2018,6098.952438790513,19568.249641731156,19,15643,6978
ID,2018,5195.047560726679,18821.727128503437,8,4899,1891
IL,2018,10705.46565154249,24259.320084951458,60,22723,3296
IN,2018,7467.148773648758,28334.78977076374,15,31027,8681
KS,2018,5705.288189665957,16252.19178653325,33,15986,4797
KY,2018,7807.058192457737,23562.299892125135,24,21532,4635
LA,2018,5196.188560314087,10709.843367596672,31,27763,2043
MA,2018,5787.63563388079,23856.440592393134,30,21676,2971
MD,2018,6999.326611068992,20083.165609584215,29,13190,4257
ME,2018,5854.558764540714,22749.900573613766,15,4986,1569
MH,2018,3500,NA,1,273,0
MI,2018,11829.261540040541,37492.328779718904,47,38973,7613
MN,2018,7572.0018926591865,18906.129080756014,43,22191,4656
MO,2018,6235.777223294572,17697.3554981203,29,21241,4256
MP,2018,3078,4560,1,273,1
MS,2018,5402.817046025705,17418.34549280954,23,13927,5702
MT,2018,4680.0891299221885,21246.619047619046,17,4241,1764
NC,2018,3767.5385162559105,19413.49028400598,75,47798,5352
ND,2018,5217.628059550845,17238.53573538098,14,3963,3386
NE,2018,5162.947387551113,16578.844717861688,16,11005,2357
NH,2018,10320.402518891688,24955.909478517548,12,3970,3049
NJ,2018,10157.747198120029,19632.1932938856,32,22128,1521
NM,2018,4174.528059586491,14329.55905511811,28,7787,1905
NV,2018,5446.548774902679,19633.6887592789,7,8734,1886
NY,2018,5769.586062270139,16438.82823490921,81,79396,6113
OH,2018,7838.234499646089,22560.76901904657,61,52273,9083
OK,2018,4222.314290145797,16653.3619926909,29,19342,5199
OR,2018,6678.819514578921,26103.59675097676,26,12278,4863
PA,2018,11527.050199979489,25331.6043814433,58,39004,12416
PR,2018,1835.1888489208634,4371.681818181818,19,11676,66
PW,2018,2640,3000,1,130,1
RI,2018,8139.90716105293,27957.573319216517,3,3533,1889
SC,2018,9447.12821990434,21056.246904315198,33,17353,5330
SD,2018,5536.455234833659,10552.02735426009,12,4088,2230
TN,2018,5865.414179941665,23341.067894131185,23,35656,2607
TX,2018,5950.557031153035,14891.594561355561,105,96684,7318
UT,2018,5238.243724326791,18944.114041698067,8,15337,3981
VA,2018,8888.041931982634,27623.973570520964,40,27640,7870
VI,2018,4631,13892,1,302,13
VT,2018,12355.326226012794,36769.72676659529,6,1407,2335
WA,2018,7359.209705284553,26728.00270758123,43,19680,4432
WI,2018,6881.123296791088,22026.637111141565,34,22531,7297
WV,2018,6052.099017920421,20427.135734795094,23,9877,3831
WY,2018,2629.691716950082,9740.450951683748,8,1823,1366
AK,2019,6934.124485596708,22583.13145539906,4,1944,213
AL,2019,6777.492189085007,25367.11113419194,38,29574,9628
AR,2019,5275.7865350722595,18866.91847419596,35,14185,4011
AS,2019,3300,NA,1,269,0
AZ,2019,9205.169136773335,24111.901995936416,29,16531,8367
CA,2019,4387.7255394474005,23011.099029745365,147,202244,21953
CO,2019,7487.234374277123,26469.49923807291,29,21615,8531
CT,2019,7069.036183486239,31246.18124606671,22,13625,1589
DC,2019,5028,11556,1,205,92
DE,2019,8190.931464968153,29786.674725892604,3,3925,3557
FL,2019,3102.320907638725,14778.34442836469,46,76374,6219
FM,2019,4050,NA,1,572,0
GA,2019,4685.573097508105,19938.229109371696,51,52129,4727
GU,2019,5040,11318.4,2,408,10
HI,2019,5862.186654643823,25249.747348119578,10,4436,1037
IA,2019,6293.373041368911,19416.60318906606,24,15253,6585
ID,2019,5470.641398827573,20024.369760479043,8,4947,2004
IL,2019,10904.082743382784,24888.761695906433,60,22177,3420
IN,2019,7680.842008276219,28725.911771129067,16,30932,9158
KS,2019,5840.67461669506,15779.013732833957,33,15849,4806
KY,2019,7925.982851817334,23894.22840605521,24,21460,4492
LA,2019,5177.0973664959765,10742.55389375967,31,27340,1939
MA,2019,5948.695945023438,24834.552464788732,29,21973,2840
MD,2019,7204.063459866706,22080.878521939954,30,13804,4330
ME,2019,5974.232605590696,23682.6292004635,17,4901,1726
MH,2019,3500,NA,1,256,0
MI,2019,12278.633172040183,37976.183344348974,47,38026,7565
MN,2019,7664.59803302355,21410.0412972973,43,22166,4625
MO,2019,6353.355053382486,17535.37221431958,30,20887,4218
MP,2019,3078,4560,1,284,3
MS,2019,5631.304577077994,18515.23446105429,23,13655,5084
MT,2019,4849.4581058628055,21800.889447236183,17,4213,1990
NC,2019,3638.842926127607,19082.98088207458,75,48665,5283
ND,2019,5574.279161528976,14018.937464142284,14,4055,3486
NE,2019,5385.082196934073,17330.434722858452,18,10633,2183
NH,2019,10796.220464135022,26213.405296681194,12,3792,2983
NJ,2019,10710.135594632886,22920.657620985978,32,23998,2211
NM,2019,4341.914630908125,14566.211704834606,28,7532,1965
NV,2019,5512.551604938271,20709.460088691794,7,10125,1804
NY,2019,5937.126448356752,16356.848713325684,81,84406,6101
OH,2019,8127.784388227187,22576.80897727273,61,50795,8800
OK,2019,4510.924886926556,17312.848033126294,29,18572,4830
OR,2019,6741.769144594703,26961.07709299757,26,12497,4527
PA,2019,11679.771265560166,26084.52663571127,58,38560,11845
PR,2019,3505.5130846898824,5907.428571428572,19,9706,28
PW,2019,2640,3000,1,137,2
RI,2019,7878.642138697724,28178.451341399264,3,3778,1901
SC,2019,10047.578143360752,22906.38919821826,33,17871,5388
SD,2019,5741.785775862069,10852.073345259392,12,4640,2236
TN,2019,5967.585245544231,23540.23831317424,23,36694,3059
TX,2019,6114.816967397197,15876.460437710437,106,103304,7128
UT,2019,5388.9446062294255,20276.31519575315,8,15796,4521
VA,2019,9528.680574122282,28805.665080983123,39,28426,8829
VI,2019,4631,13892,1,262,18
VT,2019,12814.563611491109,37996.47655259822,5,1462,2367
WA,2019,7519.509132982128,28071.952297208176,43,20311,4549
WI,2019,6904.724073580379,22851.874983357742,35,22506,7511
WV,2019,6422.30462184874,21856.6619454837,23,9520,3742
WY,2019,2714.170412963931,10148.028653295129,8,1913,1396
AK,2020,6826.7414578587695,24505.753086419754,4,1756,162
AL,2020,6835.31919268067,25639.2031769883,38,29183,9317
AR,2020,5390.519577161138,18965.056645414417,34,14379,4078
AS,2020,3300,NA,1,253,0
AZ,2020,9247.913058399588,26290.202396373057,29,17483,9264
CA,2020,4326.758772393765,24032.619967793882,147,207982,22356
CO,2020,7553.7230699569845,27896.089370265152,29,22085,8448
CT,2020,7643.0870893242945,32470.645750142612,22,13423,1753
DC,2020,5160,11844,1,233,131
DE,2020,8399.00932122371,30817.477079796266,3,4184,3534
FL,2020,3118.037466317703,15517.19737040955,46,77563,6617
FM,2020,4050,NA,1,607,0
GA,2020,4770.540316760986,21616.665009208104,51,52658,5430
GU,2020,5040,7854.545454545455,2,472,11
HI,2020,6147.310719131615,26813.756457564577,10,4422,1084
IA,2020,6495.757070774133,20388.321008663366,19,15062,6464
ID,2020,5712.738550010269,20624.937559129612,8,4869,2114
IL,2020,11093.309675967597,27033.037088873338,60,22220,2858
IN,2020,7708.6194268514455,28970.776994316984,16,31894,9502
KS,2020,6051.807071880243,16190.087991927347,33,15498,4955
KY,2020,7916.2112952951165,24676.673783843275,24,22381,4543
LA,2020,5248.224556935159,9758.29618516931,30,28269,2333
MA,2020,6556.576215812564,26330.91635916359,29,21426,3252
MD,2020,7324.603384636813,24751.347899159664,29,14359,4760
ME,2020,6108.141081294396,24341.355708908406,15,5068,1594
MH,2020,3500,3720,1,291,1
MI,2020,12697.866045266243,37767.84983853606,47,39588,7432
MN,2020,7901.793649341142,22476.76656661279,43,21856,4331
MO,2020,6655.792731648616,18517.187586206896,29,20775,4350
MP,2020,3078,4560,1,294,3
MS,2020,5716.464107431625,20025.14003779131,23,14223,4763
MT,2020,4832.425634824667,22689.317545748116,18,4135,1858
NC,2020,3656.013269023764,19113.70380868025,75,48308,5645
ND,2020,5923.794042769858,12041.141931302656,14,3928,3086
NE,2020,5409.775485881922,17909.819581017528,16,10908,2339
NH,2020,10927.20306311064,27337.270635994588,12,3787,2956
NJ,2020,11346.562612577336,23770.146105263157,32,25538,2375
NM,2020,4426.238913135295,15519.74817898023,28,7103,1922
NV,2020,5495.677906438166,21221.55117270789,7,10795,1876
NY,2020,6131.298620989643,16713.534574898786,81,85061,6175
OH,2020,8351.893062187084,22460.65747613998,61,51731,9430
OK,2020,4560.0724605467885,17387.268340186107,29,17996,4621
OR,2020,7167.147885602542,28171.41668555883,26,12273,4411
PA,2020,12371.469323516858,28981.176188399477,38,37488,11465
PR,2020,3653.5958110516935,6231.818181818182,19,8976,22
PW,2020,2640,NA,1,103,0
RI,2020,7226.5538881309685,28860.419576719578,3,4398,1890
SC,2020,10119.342225815144,21756.180571428573,33,18555,5250
SD,2020,5953.655134176092,11192.016321129246,13,4509,2267
TN,2020,6213.525863746282,22964.359095193213,23,35977,3183
TX,2020,6378.3868952697285,17961.07693377852,106,105977,7188
UT,2020,5451.626361316821,20075.416115453998,8,16069,4989
VA,2020,9798.85531388152,31165.647221523763,40,28275,7954
VI,2020,4631,13892,1,278,16
VT,2020,13030.1776504298,38757.8997451147,5,1396,2354
WA,2020,7814.251817777118,29312.90441033612,43,20217,5147
WI,2020,7144.738176211853,23777.671144341653,32,22053,7891
WV,2020,6541.468412438625,21856.276432368577,23,9165,3386
WY,2020,3148.191957104558,11555.898368883312,8,1865,1594
AK,2021,7228.50867823765,23204.791666666668,4,1498,168
AL,2021,6995.47173036166,25931.10388631715,38,29254,9289
AR,2021,5136.520194844733,18684.58573388203,35,14781,3645
AS,2021,3300,NA,1,232,0
AZ,2021,9534.961886341658,26995.816235413495,26,17579,9855
CA,2021,4211.692872264033,24524.376132930513,148,214458,21184
CO,2021,7650.243526318135,28309.271011793917,29,22437,8055
CT,2021,7839.54297725396,32007.669074195666,22,13321,1523
DC,2021,5292,12144,1,233,112
DE,2021,8644.59130219916,30727.646920821113,3,4047,3410
FL,2021,3096.9933344832684,15479.468118869014,44,81164,6932
FM,2021,4050,NA,1,571,0
GA,2021,4763.176428396157,21256.8467951093,51,52979,5398
GU,2021,5040,7392,2,376,15
HI,2021,5983.204027811076,26481.03406113537,10,4171,1145
IA,2021,6491.102343030144,20582.521739130436,19,15194,6164
ID,2021,5747.249485384932,21191.17936802974,8,4858,2152
IL,2021,11206.471767904095,28097.71119973413,60,22439,3009
IN,2021,7897.160545414559,29984.25067038507,16,31829,9323
KS,2021,5952.95666688923,16007.078380534504,33,14977,5014
KY,2021,8031.881431244154,23956.945601617797,24,21380,4945
LA,2021,5298.772109093582,9429.098055790364,30,27206,2366
MA,2021,6869.7723028105165,26677.7552491382,29,22060,3191
MD,2021,7321.9767324592995,22980.919792403867,29,13882,4239
ME,2021,6254.881362418676,24142.647907647908,15,5226,1386
MH,2021,3500,NA,1,235,0
MI,2021,12817.23651463017,38832.826516220026,47,38653,7799
MN,2021,7982.361685102377,23027.56934991786,43,21245,4261
MO,2021,6906.513426206339,19208.401002506267,29,19812,4389
MP,2021,3078,4560,1,261,2
MS,2021,5681.31195465732,19976.862203023757,23,13409,4630
MT,2021,4843.557623661397,23528.51026392962,18,3922,2046
NC,2021,3659.4668990993237,19099.944769085767,75,48186,5305
ND,2021,6239.337141406449,11704.2822191592,14,3939,2902
NE,2021,5502.593239022598,18488.910822108686,16,10886,2153
NH,2021,10740.207656293032,28241.248024087316,12,3631,2657
NJ,2021,11387.297610396272,21914.601433296582,32,23393,1814
NM,2021,4529.279571428571,15523.591135734072,28,7000,1805
NV,2021,5755.457314381566,22123.19536423841,7,11327,1812
NY,2021,6161.609320838613,17332.839224629417,81,83662,6139
OH,2021,8602.76896687697,23348.141483666557,61,50720,9153
OK,2021,4496.02237223834,17407.71099852227,29,17924,4737
OR,2021,7439.123651585896,30350.87272318417,26,12422,4447
PA,2021,11781.656704340086,23914.34985219962,38,37073,11502
PR,2021,3894.136492890995,5962,19,9495,15
PW,2021,3000,3240,1,109,2
RI,2021,7528.658733443709,29888.039978958444,3,4832,1901
SC,2021,10791.489824058242,28905.674986816663,33,18131,5689
SD,2021,6349.883577765707,11161.410743801653,13,5523,1210
TN,2021,6311.410865284374,23128.70474777448,23,34532,3370
TX,2021,6824.849825751154,15732.268518518518,100,106170,7452
UT,2021,5514.909914320686,20483.374301675976,8,16340,5012
VA,2021,9947.90407896547,31348.949516395376,39,29076,8478
VI,2021,4631,13892,1,322,18
VT,2021,13347.565819861431,39307.614716825134,5,1299,2419
WA,2021,7944.02821425042,29471.79230299328,42,20238,4911
WI,2021,7045.408321454027,25166.291786743517,32,22448,8328
WV,2021,6558.168119415995,22184.88304260795,23,9178,3497
WY,2021,3173.863938053097,12058.725048293625,8,1808,1553
AK,2022,7228.549916805325,23052.671140939598,4,1202,149
AL,2022,7308.758623408366,26185.199211959673,38,25367,8629
AR,2022,5317.458277052378,19801.552417006405,35,13326,3434
AS,2022,4500,NA,1,244,0
AZ,2022,9708.365413900225,27160.724353474692,25,16417,8159
CA,2022,4586.98828666702,28262.588031778574,148,188930,15608
CO,2022,7882.26632885736,29382.329565472694,29,19735,6812
CT,2022,8103.281556349267,35139.74575278266,22,13159,1707
DC,2022,5292,12144,1,151,77
DE,2022,8665.464180305877,31110.52023121387,3,3727,3114
FL,2022,3192.150090490861,15735.706896551725,44,72383,6090
FM,2022,4050,NA,1,504,0
GA,2022,5001.850332615737,21203.37199776578,51,51561,5371
GU,2022,5304,6116.571428571428,2,404,7
HI,2022,6364.995746810107,28886.384937238494,10,3997,956
IA,2022,6603.931842235236,20820.190407760016,19,14173,5567
ID,2022,5764.928199320499,21175.093663911844,8,4415,2178
IL,2022,11216.309718354863,28678.48627881449,60,21907,2733
IN,2022,8219.80372001958,30174.51445148813,16,28602,9307
KS,2022,6076.824693194496,16696.434691501745,33,13445,4295
KY,2022,8389.404816572274,24147.43581715717,24,19599,4791
LA,2022,5375.538925997207,9098.944894026976,30,26499,2595
MA,2022,7213.009360945508,27135.48597122302,29,19122,2780
MD,2022,7678.5933270380865,23302.80356687898,29,12708,3925
ME,2022,7170.21359223301,27271.977503628448,14,4326,1378
MH,2022,3500,3720,1,285,2
MI,2022,13377.149798370041,40887.99769982749,47,35461,6956
MN,2022,8472.512636877887,24032.612400822803,44,19269,3403
MO,2022,7317.301638648778,20439.064066852367,29,18857,3949
MP,2022,3078,4560,1,248,4
MS,2022,5728.835121307146,19797.218365553603,23,12118,4552
MT,2022,4895.731623931624,24188.46546883773,18,3510,1781
NC,2022,3807.5490505244397,19306.487497649934,75,43761,5319
ND,2022,6591.63753544728,12195.791146019279,14,3879,2801
NE,2022,5633.226263928538,18518.213089005236,16,10859,1910
NH,2022,11294.74292819397,28797.928685897437,12,3217,2496
NJ,2022,11864.699613329278,24628.442211055277,32,23017,2189
NM,2022,4957.079412250289,17800.592529711375,28,6057,1767
NV,2022,6073.037562765547,22669.936904761904,7,10356,1680
NY,2022,6257.523201917954,15987.814984429382,81,75080,5459
OH,2022,8939.440317168564,22619.21480047327,61,46789,9297
OK,2022,4645.165771385664,17750.077712289894,29,17313,4581
OR,2022,7692.337110232763,30700.76907269458,26,11385,3893
PA,2022,12063.600264687266,24889.59798550981,38,34758,11318
PR,2022,4605.474626214122,NA,19,9163,0
PW,2022,3120,3360,1,115,6
RI,2022,7858.329358830146,30339.770136599152,3,4445,2123
SC,2022,11019.855835777125,30500.237441272136,33,17050,5534
SD,2022,6489.519850885368,11287.477744807122,13,5365,1011
TN,2022,6612.851028491121,22277.40162601626,23,31308,3690
TX,2022,7133.090014962593,18103.488194444446,100,100250,5760
UT,2022,5957.908714429391,21249.654874213837,8,16903,5088
VA,2022,10149.685982887151,30394.08503937008,39,27231,7620
VI,2022,4631,13892,1,242,17
VT,2022,13778.56419868791,39417.067400275104,5,1067,2181
WA,2022,8389.700940368264,30845.44152906582,42,17759,4421
WI,2022,7073.837340202252,25114.26538262668,32,20964,7736
WV,2022,6674.6776504297995,22670.212561791217,22,8376,3439
WY,2022,3323.7089820359283,12364.526408450703,8,1670,1136
AK,2023,6815.532215357458,22153.476439790575,4,1133,191
AL,2023,7509.701901975128,27309.03059172224,38,27340,9447
AR,2023,5582.888,21226.83746097815,35,13000,4805
AS,2023,4500,NA,1,270,0
AZ,2023,10068.531622804388,28649.244771494967,25,16681,10328
CA,2023,4793.540458309262,29203.155511716308,149,181755,20783
CO,2023,8271.591427978414,29698.839976415093,29,19272,8480
CT,2023,8523.573333333334,33183.199774266366,22,12000,1772
DC,2023,5292,12144,1,88,90
DE,2023,8874.649259983245,32747.03649222065,3,3581,3535
FL,2023,3225.8344461873758,15466.047742238947,44,72037,8504
FM,2023,4350,NA,1,541,0
GA,2023,5090.605816474707,21357.25854971501,51,50271,6316
GU,2023,5304,9979.2,2,390,10
HI,2023,6884.836751435603,29875.303326810175,10,3657,1533
IA,2023,6911.355659325342,21391.90383967666,19,14348,5938
ID,2023,5665.122888513513,21742.93973214286,8,4736,2688
IL,2023,11351.444850512968,28496.97729073145,60,22711,3787
IN,2023,8236.694572685303,30954.482901554406,16,27509,11580
KS,2023,6167.417738458107,17236.167959228893,33,13451,4513
KY,2023,8525.020569204062,24253.860085068278,24,19009,4467
LA,2023,5384.062670299728,9167.39675174014,30,25323,3017
MA,2023,7284.602876350011,28152.68772270813,29,18148,3087
MD,2023,8027.939713415993,24361.856833398975,29,13469,5078
ME,2023,7295.87343599615,26926.61134580567,14,4156,1657
MH,2023,4410,NA,1,290,0
MI,2023,14072.901042566673,43499.19614062913,47,34722,7566
MN,2023,9018.899984509733,26422.822984749455,40,19367,3672
MO,2023,7554.698408137463,21902.048154485456,28,17401,4091
MP,2023,3078,4560,1,282,1
MS,2023,6327.025626477542,20347.09698358152,23,10575,5238
MT,2023,5051.751850836304,25545.212804328225,18,3647,2218
NC,2023,3809.3403167197525,19900.068192219678,75,44582,6555
ND,2023,6986.1789627465305,12783.617254364943,14,4107,2921
NE,2023,5685.220182639978,18184.050583657587,16,10841,2056
NH,2023,11132.525226390686,30016.984956750657,12,3092,2659
NJ,2023,12336.248722917033,23869.31082750103,32,22708,2429
NM,2023,5237.816395663956,18643.921025641026,28,5904,1950
NV,2023,6180.73525308888,23246.64905889496,7,10036,1647
NY,2023,6327.645018748519,17335.36836136836,81,71739,5291
OH,2023,9492.888549986834,24346.763456842553,61,45572,9419
OK,2023,4690.136646721211,18156.26984474087,29,16378,4573
OR,2023,7987.273822845829,32128.264888337468,26,11617,4836
PA,2023,13111.343039072075,30409.784715366895,55,33451,12156
PR,2023,5163.55960338681,NA,19,8976,0
PW,2023,3120,3360,1,113,2
RI,2023,8309.876630151279,31199.85267034991,3,3834,2172
SC,2023,11118.954219082085,31424.93983371126,33,17409,6615
SD,2023,6245.720077560373,11258.390557939914,13,5673,1165
TN,2023,6562.387017758726,22669.917259786478,24,31027,4496
TX,2023,7280.747782607848,18518.886673361067,101,102598,6971
UT,2023,6051.457413443208,22315.127736625513,8,16261,6075
VA,2023,10472.516385154115,31115.721339088326,39,26701,9499
VI,2023,4631,13892,1,172,14
VT,2023,13126.06338028169,39424.92795389049,5,1136,2776
WA,2023,8270.795936770635,31072.325819244415,42,18852,4791
WI,2023,7106.891255658804,27029.336389044158,32,20985,8945
WV,2023,6925.19640943194,23244.88416879071,22,7464,3531
WY,2023,3420.186968838527,12561.976102941177,8,1765,1088
AK,2024,6953.571302037201,22368.821428571428,4,1129,252
AL,2024,7518.80918801927,28102.034750613246,38,28646,9784
AR,2024,5751.108276385725,22608.94924387276,35,13170,5753
AS,2024,4500,NA,1,144,0
AZ,2024,9595.43807516323,29183.351593541298,25,19451,11829
CA,2024,4665.913176021244,26270.770140815577,150,198459,19103
CO,2024,9067.843654720848,32031.264352011,29,20007,8727
CT,2024,8847.703435804702,34388.076886112445,11,12166,2081
DC,2024,5292,12144,1,135,78
DE,2024,9001.79679144385,34304.26480139895,3,3927,4003
FL,2024,3136.9445570541307,15425.192755905511,43,76962,9525
FM,2024,4350,NA,1,417,0
GA,2024,4995.029484275721,22806.71400651466,51,49891,6140
GU,2024,4219.69014084507,9464.727272727272,2,852,11
HI,2024,7091.874345549738,29788.58687258687,10,3820,1554
IA,2024,7075.0069570871265,22961.667300380228,19,15380,6838
ID,2024,6003.2544283413845,23178.11929543635,8,4968,2498
IL,2024,11409.192491551965,28448.356839872748,61,24266,3772
IN,2024,8396.536755957746,31730.321864111498,16,27737,11480
KS,2024,6493.6893560717435,18211.48894920512,33,13604,5158
KY,2024,8765.769328948014,25423.982839901942,24,20371,5303
LA,2024,5346.968645237625,9093.371551195585,30,25355,3262
MA,2024,7388.01038351161,30553.688964081208,29,19165,3842
MD,2024,8083.521243449936,24369.36327817179,29,14122,5076
ME,2024,6302.695812807881,26600.880057803468,14,4872,1384
MH,2024,4410,NA,1,263,0
MI,2024,14500.213851180082,44298.47752946955,47,35506,8144
MN,2024,9047.557440645529,25432.9532328137,40,19333,3913
MO,2024,8541.890829944441,22302.010185185187,28,17459,4320
MP,2024,3078,4560,1,308,1
MS,2024,5420.897127352091,21493.239323396418,23,16953,5971
MT,2024,5194.718415417559,27543.991133004925,18,3736,3045
NC,2024,3812.1773855050833,19741.395926075813,75,42884,7413
ND,2024,6933.764514514514,12775.908789386402,14,3996,3015
NE,2024,5804.649569449644,19170.643064985452,16,10684,2062
NH,2024,11181.116926134482,31200.76026392962,12,3019,2728
NJ,2024,12823.227673914787,24716.700470843898,32,24926,2761
NM,2024,5271.814489882553,19108.607270865334,28,7067,1953
NV,2024,6211.1779628565955,23590.550533584432,7,10446,1593
NY,2024,6336.850940665702,18141.171459576777,81,73937,5529
OH,2024,9824.932330827067,26272.71906132389,61,46018,9034
OK,2024,4823.249189552878,18615.34371184371,29,16349,4914
OR,2024,7811.575854404001,34041.676269102405,26,14396,5693
PA,2024,13076.231483422684,31414.870195241,55,33389,13112
PR,2024,5158.045184451597,NA,19,8078,0
PW,2024,3120,3360,1,93,2
RI,2024,8498.139434595112,32481.032520325203,3,4174,2214
SC,2024,11082.543092487147,31572.196058688147,33,18089,6952
SD,2024,6475.412548880199,11279.676547515257,13,5626,1147
TN,2024,6820.546327172999,23129.023509263585,24,32087,6423
TX,2024,7175.967353721622,19011.498141740358,101,111927,7803
UT,2024,6135.690243151739,22505.955815464586,8,16245,6156
VA,2024,9049.51037117904,32842.82676919879,39,40304,9623
VI,2024,4955,14864,1,199,24
VT,2024,12461.031639501438,38334.11586206897,3,1043,2900
WA,2024,7323.395435008152,31633.873954483563,42,26988,5141
WI,2024,6992.788287540467,28171.67652155079,32,24094,9234
WV,2024,7188.721774726,23863.085483055132,22,7573,3954
WY,2024,3793.6504998148835,15204.21052631579,8,2701,1254
AK,2025,6953.571302037201,22368.821428571428,4,1129,252
AL,2025,7518.80918801927,28102.034750613246,38,28646,9784
AR,2025,5751.108276385725,22608.94924387276,35,13170,5753
AS,2025,4500,NA,1,144,0
AZ,2025,9595.43807516323,29183.351593541298,25,19451,11829
CA,2025,4665.913176021244,26270.770140815577,150,198459,19103
CO,2025,9067.843654720848,32031.264352011,29,20007,8727
CT,2025,8847.703435804702,34388.076886112445,11,12166,2081
DC,2025,5292,12144,1,135,78
DE,2025,9001.79679144385,34304.26480139895,3,3927,4003
FL,2025,3136.9445570541307,15425.192755905511,43,76962,9525
FM,2025,4350,NA,1,417,0
GA,2025,4995.029484275721,22806.71400651466,51,49891,6140
GU,2025,4219.69014084507,9464.727272727272,2,852,11
HI,2025,7091.874345549738,29788.58687258687,10,3820,1554
IA,2025,7075.0069570871265,22961.667300380228,19,15380,6838
ID,2025,6003.2544283413845,23178.11929543635,8,4968,2498
IL,2025,11409.192491551965,28448.356839872748,61,24266,3772
IN,2025,8396.536755957746,31730.321864111498,16,27737,11480
KS,2025,6493.6893560717435,18211.48894920512,33,13604,5158
KY,2025,8765.769328948014,25423.982839901942,24,20371,5303
LA,2025,5346.968645237625,9093.371551195585,30,25355,3262
MA,2025,7388.01038351161,30553.688964081208,29,19165,3842
MD,2025,8083.521243449936,24369.36327817179,29,14122,5076
ME,2025,6302.695812807881,26600.880057803468,14,4872,1384
MH,2025,4410,NA,1,263,0
MI,2025,14500.213851180082,44298.47752946955,47,35506,8144
MN,2025,9047.557440645529,25432.9532328137,40,19333,3913
MO,2025,8541.890829944441,22302.010185185187,28,17459,4320
MP,2025,3078,4560,1,308,1
MS,2025,5420.897127352091,21493.239323396418,23,16953,5971
MT,2025,5194.718415417559,27543.991133004925,18,3736,3045
NC,2025,3812.1773855050833,19741.395926075813,75,42884,7413
ND,2025,6933.764514514514,12775.908789386402,14,3996,3015
NE,2025,5804.649569449644,19170.643064985452,16,10684,2062
NH,2025,11181.116926134482,31200.76026392962,12,3019,2728
NJ,2025,12823.227673914787,24716.700470843898,32,24926,2761
NM,2025,5271.814489882553,19108.607270865334,28,7067,1953
NV,2025,6211.1779628565955,23590.550533584432,7,10446,1593
NY,2025,6336.850940665702,18141.171459576777,81,73937,5529
OH,2025,9824.932330827067,26272.71906132389,61,46018,9034
OK,2025,4823.249189552878,18615.34371184371,29,16349,4914
OR,2025,7811.575854404001,34041.676269102405,26,14396,5693
PA,2025,13076.231483422684,31414.870195241,55,33389,13112
PR,2025,5158.045184451597,NA,19,8078,0
PW,2025,3120,3360,1,93,2
RI,2025,8498.139434595112,32481.032520325203,3,4174,2214
SC,2025,11082.543092487147,31572.196058688147,33,18089,6952
SD,2025,6475.412548880199,11279.676547515257,13,5626,1147
TN,2025,6820.546327172999,23129.023509263585,24,32087,6423
TX,2025,7175.967353721622,19011.498141740358,101,111927,7803
UT,2025,6135.690243151739,22505.955815464586,8,16245,6156
VA,2025,9049.51037117904,32842.82676919879,39,40304,9623
VI,2025,4955,14864,1,199,24
VT,2025,12461.031639501438,38334.11586206897,3,1043,2900
WA,2025,7323.395435008152,31633.873954483563,42,26988,5141
WI,2025,6992.788287540467,28171.67652155079,32,24094,9234
WV,2025,7188.721774726,23863.085483055132,22,7573,3954
WY,2025,3793.6504998148835,15204.21052631579,8,2701,1254
AK,2026,6953.571302037201,22368.821428571428,4,1129,252
AL,2026,7518.80918801927,28102.034750613246,38,28646,9784
AR,2026,5751.108276385725,22608.94924387276,35,13170,5753
AS,2026,4500,NA,1,144,0
AZ,2026,9595.43807516323,29183.351593541298,25,19451,11829
CA,2026,4665.913176021244,26270.770140815577,150,198459,19103
CO,2026,9067.843654720848,32031.264352011,29,20007,8727
CT,2026,8847.703435804702,34388.076886112445,11,12166,2081
DC,2026,5292,12144,1,135,78
DE,2026,9001.79679144385,34304.26480139895,3,3927,4003
FL,2026,3136.9445570541307,15425.192755905511,43,76962,9525
FM,2026,4350,NA,1,417,0
GA,2026,4995.029484275721,22806.71400651466,51,49891,6140
GU,2026,4219.69014084507,9464.727272727272,2,852,11
HI,2026,7091.874345549738,29788.58687258687,10,3820,1554
IA,2026,7075.0069570871265,22961.667300380228,19,15380,6838
ID,2026,6003.2544283413845,23178.11929543635,8,4968,2498
IL,2026,11409.192491551965,28448.356839872748,61,24266,3772
IN,2026,8396.536755957746,31730.321864111498,16,27737,11480
KS,2026,6493.6893560717435,18211.48894920512,33,13604,5158
KY,2026,8765.769328948014,25423.982839901942,24,20371,5303
LA,2026,5346.968645237625,9093.371551195585,30,25355,3262
MA,2026,7388.01038351161,30553.688964081208,29,19165,3842
MD,2026,8083.521243449936,24369.36327817179,29,14122,5076
ME,2026,6302.695812807881,26600.880057803468,14,4872,1384
MH,2026,4410,NA,1,263,0
MI,2026,14500.213851180082,44298.47752946955,47,35506,8144
MN,2026,9047.557440645529,25432.9532328137,40,19333,3913
MO,2026,8541.890829944441,22302.010185185187,28,17459,4320
MP,2026,3078,4560,1,308,1
MS,2026,5420.897127352091,21493.239323396418,23,16953,5971
MT,2026,5194.718415417559,27543.991133004925,18,3736,3045
NC,2026,3812.1773855050833,19741.395926075813,75,42884,7413
ND,2026,6933.764514514514,12775.908789386402,14,3996,3015
NE,2026,5804.649569449644,19170.643064985452,16,10684,2062
NH,2026,11181.116926134482,31200.76026392962,12,3019,2728
NJ,2026,12823.227673914787,24716.700470843898,32,24926,2761
NM,2026,5271.814489882553,19108.607270865334,28,7067,1953
NV,2026,6211.1779628565955,23590.550533584432,7,10446,1593
NY,2026,6336.850940665702,18141.171459576777,81,73937,5529
OH,2026,9824.932330827067,26272.71906132389,61,46018,9034
OK,2026,4823.249189552878,18615.34371184371,29,16349,4914
OR,2026,7811.575854404001,34041.676269102405,26,14396,5693
PA,2026,13076.231483422684,31414.870195241,55,33389,13112
PR,2026,5158.045184451597,NA,19,8078,0
PW,2026,3120,3360,1,93,2
RI,2026,8498.139434595112,32481.032520325203,3,4174,2214
SC,2026,11082.543092487147,31572.196058688147,33,18089,6952
SD,2026,6475.412548880199,11279.676547515257,13,5626,1147
TN,2026,6820.546327172999,23129.023509263585,24,32087,6423
TX,2026,7175.967353721622,19011.498141740358,101,111927,7803
UT,2026,6135.690243151739,22505.955815464586,8,16245,6156
VA,2026,9049.51037117904,32842.82676919879,39,40304,9623
VI,2026,4955,14864,1,199,24
VT,2026,12461.031639501438,38334.11586206897,3,1043,2900
WA,2026,7323.395435008152,31633.873954483563,42,26988,5141
WI,2026,6992.788287540467,28171.67652155079,32,24094,9234
WV,2026,7188.721774726,23863.085483055132,22,7573,3954
WY,2026,3793.6504998148835,15204.21052631579,8,2701,1254
